timestamp,open,high,low,close,volume
2023-12-27 15:46:00,0.0004257799999999,0.0004257799999999,0.0004257799999999,0.0004257799999999,2.5276714688096205e+18
2023-12-27 16:02:00,0.00042582,0.00042582,0.00042582,0.00042582,4.931371105296675e+18
2023-12-27 16:03:00,0.0004261,0.0004261,0.0004261,0.00042619,5.116969530306694e+19
2023-12-27 16:10:00,0.0004262099999999,0.0004262099999999,0.0004262099999999,0.00042622,3.833598469926426e+18
2023-12-27 16:18:00,0.0004257799999999,0.0004257799999999,0.0004257799999999,0.0004257799999999,5.980943310295177e+19
2023-12-27 16:19:00,0.0004254399999999,0.00042511,0.00042511,0.00042511,9.248871428298796e+19
2023-12-27 16:20:00,0.00042484,0.00042449,0.00042449,0.00042449,8.523430838043523e+19
2023-12-27 16:21:00,0.0004243099999999,0.00042422,0.00042422,0.00042422,3.719251961517773e+19
2023-12-27 16:22:00,0.00042422,0.00042422,0.00042422,0.00042422,1.4800700802023056e+17
2023-12-27 16:23:00,0.00042421,0.000424,0.000424,0.000424,3.0424617103266443e+19
2023-12-27 16:25:00,0.0004236899999999,0.0004236899999999,0.0004236899999999,0.0004236899999999,4.1646989575751614e+19
2023-12-27 16:26:00,0.00042344,0.00042344,0.00042344,0.00042344,3.3074022007004897e+19
2023-12-27 16:27:00,0.00042323,0.00042323,0.00042323,0.00042323,2.751663270264909e+19
2023-12-27 16:28:00,0.00042295,0.00042262,0.00042262,0.00042262,8.105774717357012e+19
2023-12-27 16:30:00,0.00042245,0.0004221599999999,0.0004221599999999,0.0004221599999999,6.084001056237114e+19
2023-12-27 16:33:00,0.00042215,0.00042215,0.00042215,0.00042215,4.918762432409044e+19
2023-12-27 16:41:00,0.0004221599999999,0.0004221599999999,0.0004221599999999,0.0004221599999999,1.8413618699158664e+18
2023-12-27 16:52:00,0.0004221599999999,0.0004221599999999,0.0004221599999999,0.0004221599999999,1.877495128329912e+17
2023-12-27 17:01:00,0.00042217,0.00042217,0.00042217,0.00042217,3.669103295902444e+17
2023-12-27 17:03:00,0.00042218,0.00042218,0.00042218,0.00042219,3.302483215652349e+18
2023-12-27 17:09:00,0.00042237,0.00042237,0.00042237,0.00042237,2.366385738802952e+19
2023-12-27 17:10:00,0.00042281,0.00042281,0.00042281,0.00042281,5.941077885111662e+19
2023-12-27 17:11:00,0.00042313,0.00042313,0.00042313,0.00042313,4.280958793055516e+19
2023-12-27 17:12:00,0.0004234599999999,0.0004234599999999,0.0004234599999999,0.00042368,7.300112488837757e+19
2023-12-27 17:14:00,0.0004236899999999,0.0004236899999999,0.0004236899999999,0.0004236899999999,1.787862627762298e+18
2023-12-27 17:15:00,0.00042393,0.00042393,0.00042393,0.00042393,3.1163203646985363e+19
2023-12-27 17:17:00,0.00042395,0.00042395,0.00042395,0.00042395,2.500000005879423e+18
2023-12-27 17:18:00,0.0004239799999999,0.0004239799999999,0.0004239799999999,0.0004239799999999,4.949476932175412e+18
2023-12-27 17:20:00,0.00042399,0.00042399,0.00042399,0.00042399,6.000000014109048e+17
2023-12-27 17:24:00,0.00042399,0.00042399,0.00042399,0.000424,2.361449932452391e+18
2023-12-27 17:38:00,0.0004244,0.0004244,0.0004244,0.0004250099999999,1.3875219698168196e+20
2023-12-27 17:39:00,0.00042525,0.00042525,0.00042525,0.00042526,4.757000011154992e+19
2023-12-27 17:59:00,0.00042543,0.00042543,0.00042543,0.00042543,2.405460158855057e+19
2023-12-27 18:14:00,0.00042561,0.00042561,0.00042561,0.000426,7.815459506593405e+19
2023-12-27 18:16:00,0.00042627,0.00042627,0.00042627,0.0004267199999999,9.893883699269385e+19
2023-12-27 18:17:00,0.0004267199999999,0.0004267199999998,0.0004267199999999,0.0004267199999999,7.50136314294356e+17
2023-12-27 18:21:00,0.0004267299999999,0.0004267299999999,0.0004267299999999,0.0004267299999999,1.3875723033921516e+18
2023-12-27 18:35:00,0.0004267299999999,0.0004267299999999,0.0004267299999999,0.0004267299999999,1.148006220232675e+18
2023-12-27 18:36:00,0.0004267199999999,0.0004267199999998,0.0004267199999999,0.0004267199999999,6.381648954876906e+17
2023-12-27 18:37:00,0.0004267199999999,0.0004267199999998,0.0004267199999999,0.0004267199999999,4.834868400698177e+17
2023-12-27 18:38:00,0.00042671,0.00042671,0.00042671,0.00042671,6.082536418411412e+17
2023-12-27 18:40:00,0.00042648,0.00042648,0.00042648,0.00042648,3.182901978951421e+19
2023-12-27 18:41:00,0.00042634,0.0004262,0.0004262,0.0004262,3.869419700321377e+19
2023-12-27 19:39:00,0.00042618,0.00042618,0.00042618,0.00042618,2.224210832730032e+18
2023-12-27 19:40:00,0.00042619,0.00042619,0.00042619,0.00042619,3.000000007018064e+17
2023-12-27 19:46:00,0.00042618,0.00042618,0.00042618,0.00042618,3.186804646755308e+17
2023-12-27 20:09:00,0.0004259,0.0004259,0.0004259,0.0004259,3.90915803601427e+19
2023-12-27 20:10:00,0.00042587,0.00042586,0.00042586,0.00042586,4.854190173106504e+18
2023-12-27 20:11:00,0.00042586,0.00042584,0.00042584,0.00042584,3.548029483512835e+18
2023-12-27 20:12:00,0.00042584,0.00042584,0.00042584,0.00042584,4.2455979041392486e+17
2023-12-27 20:30:00,0.0004258299999999,0.0004258299999999,0.0004258299999999,0.0004258299999999,1.061385994136116e+18
2023-12-27 20:31:00,0.0004257699999999,0.0004257699999999,0.0004257699999999,0.0004257699999999,7.641410651211348e+18
2023-12-27 20:39:00,0.0004255699999999,0.0004255699999999,0.0004255699999999,0.0004255699999999,2.777664800723504e+19
2023-12-27 20:42:00,0.0004255699999999,0.0004255699999999,0.0004255699999999,0.0004255699999999,1.751943831007236e+17
2023-12-27 21:07:00,0.00042558,0.00042558,0.00042558,0.00042558,1.0101537531067023e+18
2023-12-27 21:16:00,0.00042492,0.00042492,0.00042492,0.00042492,9.028593445702284e+19
2023-12-27 21:21:00,0.00042492,0.00042492,0.00042492,0.00042492,3.437433677734665e+17
2023-12-27 21:24:00,0.00042491,0.00042491,0.00042491,0.00042491,1.588646089797648e+18
2023-12-27 21:33:00,0.0004249,0.0004249,0.0004249,0.0004249,6.755294954008631e+17
2023-12-27 21:42:00,0.00042443,0.00042443,0.00042443,0.00042443,6.511069928063645e+19
2023-12-27 21:43:00,0.00042429,0.00042429,0.00042429,0.00042429,1.8543315679030936e+19
2023-12-27 21:50:00,0.0004242999999999,0.0004242999999999,0.0004242999999999,0.0004242999999999,1.3409928639579676e+18
2023-12-27 21:55:00,0.00042435,0.00042435,0.00042435,0.00042435,6.927481145616754e+18
2023-12-27 22:08:00,0.00042418,0.00042418,0.00042418,0.00042418,2.390913721331462e+19
2023-12-27 22:11:00,0.0004241699999999,0.00042368,0.00042368,0.00042368,6.801180962316534e+19
2023-12-27 22:12:00,0.00042368,0.00042368,0.00042368,0.00042368,4.80836573854139e+16
2023-12-27 22:14:00,0.00042337,0.00042337,0.00042337,0.00042337,4.173032124395308e+19
2023-12-27 22:15:00,0.00042316,0.00042292,0.00042292,0.00042292,5.8875440763282416e+19
2023-12-27 22:16:00,0.00042278,0.00042278,0.00042278,0.00042278,1.8864586762754413e+19
2023-12-27 22:19:00,0.00042257,0.00042257,0.00042257,0.00042257,2.7477731893134148e+19
2023-12-27 22:20:00,0.0004225299999999,0.0004225299999998,0.0004225299999999,0.0004225299999999,6.290590470725025e+18
2023-12-27 23:01:00,0.00042252,0.00042252,0.00042252,0.00042252,8.797912785913806e+17
2023-12-27 23:12:00,0.00042247,0.00042247,0.00042247,0.00042247,6.506258222453378e+18
2023-12-27 23:13:00,0.00042209,0.00042209,0.00042209,0.00042209,5.093544490988245e+19
2023-12-27 23:14:00,0.00042112,0.00042064,0.00042064,0.00042064,1.930757542848809e+20
2023-12-27 23:15:00,0.00042047,0.00042014,0.00042014,0.00042014,6.712588676466237e+19
2023-12-27 23:16:00,0.00041949,0.00041933,0.00041933,0.00041933,1.0752345783792804e+20
2023-12-27 23:17:00,0.00041933,0.00041933,0.00041933,0.00041933,3.2500000077271494e+17
2023-12-27 23:22:00,0.00041933,0.00041933,0.00041933,0.00041933,1.3907113874402258e+17
2023-12-27 23:26:00,0.00041933,0.00041933,0.00041933,0.00041933,1.2521879301993498e+17
2023-12-27 23:27:00,0.00041934,0.00041934,0.00041934,0.00041949,2.020243551102497e+19
2023-12-27 23:28:00,0.0004194999999999,0.0004194999999999,0.0004194999999999,0.00042032,1.1126276990102567e+20
2023-12-27 23:37:00,0.0004203,0.0004203,0.0004203,0.0004203,2.0952358788965084e+18
2023-12-28 00:05:00,0.00041962,0.00041934,0.00041934,0.00041934,1.2762887830095004e+20
2023-12-28 00:06:00,0.00041908,0.00041908,0.00041908,0.00041908,3.4693682829599846e+19
2023-12-28 00:07:00,0.00041891,0.00041891,0.00041891,0.00041891,2.356311963372741e+19
2023-12-28 00:08:00,0.00041891,0.00041891,0.00041891,0.00041891,3.394566072079027e+17
2023-12-28 00:16:00,0.00041872,0.00041872,0.00041872,0.00041872,2.5054063550532497e+19
2023-12-28 00:17:00,0.00041859,0.00041851,0.00041851,0.00041851,2.832977871587314e+19
2023-12-28 00:21:00,0.00041819,0.00041819,0.00041819,0.00041819,4.259514763531579e+19
2023-12-28 00:22:00,0.00041819,0.00041819,0.00041819,0.00041819,1.0423386934435558e+18
2023-12-28 00:23:00,0.00041795,0.00041772,0.00041772,0.00041772,6.288644728927946e+19
2023-12-28 00:24:00,0.00041772,0.00041772,0.00041772,0.00041772,1.7443259874728045e+17
2023-12-28 00:25:00,0.00041749,0.00041749,0.00041749,0.00041749,2.959344120110451e+19
2023-12-28 00:32:00,0.00041664,0.00041664,0.00041664,0.00041664,1.1400471279390052e+20
2023-12-28 00:33:00,0.00041358,0.00041307,0.00041307,0.00041307,2.8818299800370125e+20
2023-12-28 00:35:00,0.00041256,0.00041256,0.00041256,0.00041256,3.056852992005536e+19
2023-12-28 00:36:00,0.0004118999999999,0.0004118999999999,0.0004118999999999,0.0004118999999999,4.018107524178121e+19
2023-12-28 00:37:00,0.0004118899999999,0.0004118899999999,0.0004118899999999,0.0004118899999999,8.867754020733254e+18
2023-12-28 00:38:00,0.00041185,0.00041166,0.00041166,0.00041166,1.3648760464245823e+19
2023-12-28 00:39:00,0.00040932,0.00040932,0.00040932,0.0004117,2.909202888360464e+20
2023-12-28 00:40:00,0.00041269,0.00041269,0.00041269,0.00041269,5.999922860830001e+19
2023-12-28 00:41:00,0.00041234,0.0004120099999999,0.0004120099999999,0.0004120099999999,4.111048054917107e+19
2023-12-28 00:42:00,0.00041166,0.00041166,0.00041166,0.00041166,2.081069876368628e+19
2023-12-28 00:44:00,0.00041166,0.00041166,0.00041166,0.00041314,1.9316361987257755e+20
2023-12-28 00:45:00,0.0004124299999999,0.000412,0.000412,0.000412,6.857785016163268e+19
2023-12-28 00:46:00,0.000412,0.000412,0.000412,0.000412,2.4235190320297776e+17
2023-12-28 00:48:00,0.00041153,0.0004107399999998,0.0004107399999999,0.0004107399999999,7.698261580498806e+19
2023-12-28 00:53:00,0.00041054,0.00041054,0.00041054,0.00041054,1.2282250846568108e+19
2023-12-28 00:57:00,0.0004123,0.00041206,0.00041206,0.00041206,1.2284306954427933e+20
2023-12-28 00:58:00,0.00041205,0.000412,0.000412,0.000412,3.32587519092796e+18
2023-12-28 01:02:00,0.00041197,0.00041197,0.00041197,0.00041197,1.973149430094655e+18
2023-12-28 01:03:00,0.0004123,0.0004123,0.0004123,0.0004123,1.999827487628668e+19
2023-12-28 01:05:00,0.00041213,0.00041213,0.00041213,0.00041213,1.0625934306775589e+19
2023-12-28 01:06:00,0.00041209,0.00041209,0.00041209,0.00041209,1.8489310497273385e+18
2023-12-28 01:07:00,0.0004119599999999,0.0004119599999999,0.0004119599999999,0.0004119599999999,8.215809474480269e+18
2023-12-28 01:08:00,0.0004115,0.0004115,0.0004115,0.0004115,2.753040054606215e+19
2023-12-28 01:10:00,0.0004110499999999,0.0004110499999999,0.0004110499999999,0.0004110499999999,2.783184901469307e+19
2023-12-28 01:11:00,0.00041067,0.00041067,0.00041067,0.00041067,2.321715053900035e+19
2023-12-28 01:13:00,0.00041004,0.00041004,0.00041004,0.00041004,3.893823189882698e+19
2023-12-28 01:19:00,0.0004100499999999,0.0004100499999999,0.0004100499999999,0.0004100499999999,3.9000000094825824e+17
2023-12-28 01:22:00,0.00041042,0.00041042,0.00041042,0.00041069,3.966771603120212e+19
2023-12-28 01:29:00,0.00041069,0.00041069,0.00041069,0.00041076,6.8005375583796e+18
2023-12-28 01:32:00,0.00041075,0.00041075,0.00041075,0.00041075,5.405676629493933e+17
2023-12-28 01:35:00,0.00041017,0.00041017,0.00041017,0.00041017,3.580741983864473e+19
2023-12-28 01:36:00,0.00041004,0.00041004,0.00041004,0.00041004,8.177459602962646e+18
2023-12-28 01:37:00,0.0004105,0.0004105,0.0004105,0.0004105,2.893593762254821e+19
2023-12-28 01:42:00,0.00041083,0.00041083,0.00041083,0.00041095,2.7605068504781234e+19
2023-12-28 01:43:00,0.00041095,0.00041095,0.00041095,0.00041095,9.880837454333414e+16
2023-12-28 01:45:00,0.00041096,0.00041096,0.00041096,0.00041146,3.131055671352484e+19
2023-12-28 01:49:00,0.00041156,0.00041156,0.00041156,0.0004121999999999,4.499355724967076e+19
2023-12-28 01:51:00,0.00041225,0.00041225,0.00041225,0.00041225,3.065642094591513e+18
2023-12-28 01:52:00,0.00041228,0.00041228,0.00041228,0.00041228,1.6543213801875735e+18
2023-12-28 01:57:00,0.00041293,0.00041293,0.00041293,0.00041297,4.1762258436589216e+19
2023-12-28 01:58:00,0.00041318,0.00041318,0.00041318,0.00041318,1.295751003112713e+19
2023-12-28 01:59:00,0.00041129,0.00041129,0.00041129,0.00041284,2.0853495663570423e+20
2023-12-28 02:04:00,0.0004128699999999,0.0004128699999998,0.0004128699999999,0.00041292,5.281389473242608e+18
2023-12-28 02:05:00,0.00041292,0.00041292,0.00041292,0.00041292,1.0001330791399168e+16
2023-12-28 02:06:00,0.00041346,0.00041346,0.00041346,0.00041346,3.26617200788098e+19
2023-12-28 02:07:00,0.00041383,0.00041383,0.00041383,0.00041383,2.1804881303895822e+19
2023-12-28 02:08:00,0.00041399,0.00041399,0.00041399,0.00041418,2.8052407301630554e+19
2023-12-28 02:09:00,0.00041462,0.00041462,0.00041462,0.00041462,3.54321031087296e+19
2023-12-28 02:11:00,0.0004146499999999,0.0004146499999999,0.0004146499999999,0.0004146499999999,2.9730838944681446e+18
2023-12-28 02:26:00,0.00041444,0.00041444,0.00041444,0.00041444,1.7565322148313629e+19
2023-12-28 02:27:00,0.0004143199999999,0.0004143199999999,0.0004143199999999,0.0004143199999999,9.295541195255998e+18
2023-12-28 02:48:00,0.0004143199999999,0.0004143199999999,0.0004143199999999,0.0004143199999999,2.3381559941239152e+17
2023-12-28 02:51:00,0.0004143199999999,0.0004143199999999,0.0004143199999999,0.0004143199999999,3.0980583780832504e+16
2023-12-28 03:19:00,0.0004143099999999,0.0004143099999999,0.0004143099999999,0.0004143099999999,2.8291422514089635e+17
2023-12-28 03:20:00,0.0004142999999999,0.0004142999999999,0.0004142999999999,0.0004142999999999,8.189026996886266e+17
2023-12-28 04:13:00,0.00041407,0.00041407,0.00041407,0.00041407,1.816328894579879e+19
2023-12-28 04:18:00,0.00041373,0.00041373,0.00041373,0.00041373,2.352406508877725e+19
2023-12-28 04:20:00,0.00041346,0.0004133299999999,0.0004133299999999,0.0004133299999999,2.280864151401514e+19
2023-12-28 04:21:00,0.0004133299999999,0.0004133299999999,0.0004133299999999,0.0004133299999999,4.1208987004311546e+17
2023-12-28 04:31:00,0.0004133199999999,0.0004133199999999,0.0004133199999999,0.0004133199999999,1.7072351484192083e+17
2023-12-28 04:43:00,0.0004136199999999,0.0004136199999999,0.0004136199999999,0.0004136199999999,1.6688693473846997e+19
2023-12-28 04:44:00,0.0004136499999999,0.0004136499999999,0.0004136499999999,0.0004140399999999,2.8188160801126846e+19
2023-12-28 04:45:00,0.00041425,0.00041425,0.00041425,0.00041425,1.6048739523387589e+19
2023-12-28 04:46:00,0.00041425,0.00041425,0.00041425,0.00041425,4.418201588493685e+17
2023-12-28 04:47:00,0.00041428,0.00041428,0.00041428,0.00041428,2.057139813828046e+18
2023-12-28 04:52:00,0.00041428,0.00041428,0.00041428,0.00041428,8237240418325227.0
2023-12-28 04:58:00,0.00041456,0.00041456,0.00041456,0.00041456,2.131272212960468e+19
2023-12-28 04:59:00,0.00041487,0.00041487,0.00041487,0.00041492,2.784378363509954e+19
2023-12-28 05:03:00,0.0004151499999999,0.0004151499999999,0.0004151499999999,0.0004151499999999,1.8294535612831177e+19
2023-12-28 05:08:00,0.0004153899999999,0.0004153899999999,0.0004153899999999,0.0004153899999999,1.875963942205756e+19
2023-12-28 05:09:00,0.0004153999999999,0.0004153999999999,0.0004153999999999,0.00041639,7.95957544107329e+19
2023-12-28 05:11:00,0.00041651,0.00041651,0.00041651,0.00041709,9.147844890118749e+19
2023-12-28 05:13:00,0.00041709,0.00041709,0.00041709,0.00041709,5.983952903935918e+17
2023-12-28 05:14:00,0.0004174,0.0004174,0.0004174,0.00041766,7.491624530195775e+19
2023-12-28 05:15:00,0.00041767,0.00041767,0.00041767,0.00041767,8.317005604741868e+17
2023-12-28 05:20:00,0.00041917,0.00041892,0.00041892,0.00041892,2.277543052408836e+20
2023-12-28 05:21:00,0.0004189299999999,0.0004189299999999,0.0004189299999999,0.0004189299999999,1.0302782975944448e+18
2023-12-28 05:35:00,0.00041894,0.00041894,0.00041894,0.00041894,6.374412708932442e+17
2023-12-28 05:45:00,0.00041894,0.00041894,0.00041894,0.00041894,1.7977432840241267e+17
2023-12-28 05:48:00,0.00041885,0.00041885,0.00041885,0.00041885,1.1365714258718968e+19
2023-12-28 05:49:00,0.00041852,0.00041852,0.00041852,0.00041852,4.331031002897551e+19
2023-12-28 05:50:00,0.00041852,0.00041851,0.00041851,0.00041851,6.826411715922015e+17
2023-12-28 06:25:00,0.0004185,0.0004185,0.0004185,0.0004185,1.3143480795435807e+18
2023-12-28 06:28:00,0.00041859,0.00041859,0.00041859,0.00041903,6.9025492768976855e+19
2023-12-28 06:29:00,0.00041903,0.00041903,0.00041903,0.00041938,4.621490318952432e+19
2023-12-28 06:30:00,0.0004197,0.0004197,0.0004197,0.0004197,4.106563244973976e+19
2023-12-28 06:31:00,0.00041971,0.00041971,0.00041971,0.00041971,1.2444638713311214e+18
2023-12-28 06:55:00,0.0004200899999999,0.0004200899999999,0.0004200899999999,0.00042034,8.264802233815533e+19
2023-12-28 07:03:00,0.00042034,0.00042034,0.00042034,0.00042034,5.238479602684491e+17
2023-12-28 07:04:00,0.00042034,0.00042034,0.00042034,0.00042034,1.342516338541317e+18
2023-12-28 07:15:00,0.00042055,0.00042055,0.00042055,0.00042083,6.3611274562693054e+19
2023-12-28 07:16:00,0.00042084,0.00042084,0.00042084,0.00042084,2.110499203201236e+18
2023-12-28 07:31:00,0.00042101,0.00042101,0.00042101,0.00042101,2.2239349399532696e+19
2023-12-28 08:02:00,0.0004209999999999,0.0004209999999999,0.0004209999999999,0.0004209999999999,2.110314328342836e+18
2023-12-28 08:13:00,0.00042078,0.00042078,0.00042078,0.00042078,2.761996806284213e+19
2023-12-28 08:14:00,0.0004205799999999,0.0004205799999999,0.0004205799999999,0.0004205799999999,2.653669547848278e+19
2023-12-28 08:40:00,0.00042039,0.00042039,0.00042039,0.00042039,2.4905902407330128e+19
2023-12-28 08:44:00,0.00042008,0.00042008,0.00042008,0.00042008,4.003362456969231e+19
2023-12-28 08:46:00,0.00042007,0.00042007,0.00042007,0.00042007,1.1156096814737048e+18
2023-12-28 08:47:00,0.00042007,0.00042007,0.00042007,0.00042007,7.79470916647811e+16
2023-12-28 08:48:00,0.00042007,0.00042007,0.00042007,0.00042007,4.1904445923004685e+17
2023-12-28 08:49:00,0.0004198199999999,0.0004198199999999,0.0004198199999999,0.0004198199999999,3.289935579248e+19
2023-12-28 08:50:00,0.0004195599999999,0.0004195599999999,0.0004195599999999,0.0004195599999999,3.2841356371377463e+19
2023-12-28 08:51:00,0.0004195499999999,0.00041954,0.00041954,0.00041954,2.79942606122206e+18
2023-12-28 09:00:00,0.00041993,0.00041993,0.00041993,0.00041993,5.010000011900334e+19
2023-12-28 09:19:00,0.00041978,0.00041977,0.00041977,0.00041977,1.97253658217592e+19
2023-12-28 09:31:00,0.00041977,0.0004196099999999,0.0004196099999999,0.0004196099999999,2.1433279506252538e+19
2023-12-28 09:32:00,0.00041959,0.00041936,0.00041936,0.00041936,3.2910762186794545e+19
2023-12-28 09:33:00,0.00041922,0.00041922,0.00041922,0.00041922,1.820608667903896e+19
2023-12-28 09:35:00,0.00041922,0.00041921,0.00041921,0.00041921,1.7287351236172073e+18
2023-12-28 09:38:00,0.0004189699999999,0.0004189699999998,0.0004189699999999,0.0004189699999999,3.187972318609213e+19
2023-12-28 09:39:00,0.0004187999999999,0.0004187999999999,0.0004187999999999,0.0004187999999999,2.10609019533922e+19
2023-12-28 09:40:00,0.00041862,0.00041862,0.00041862,0.00041862,2.3596188709444465e+19
2023-12-28 09:43:00,0.00041862,0.00041862,0.00041862,0.00041862,2.724262004553261e+17
2023-12-28 09:47:00,0.00041862,0.00041862,0.00041862,0.00041862,3.217994656637966e+17
2023-12-28 10:34:00,0.0004186,0.0004186,0.0004186,0.0004186,2.0867796265508585e+18
2023-12-28 10:35:00,0.00041837,0.00041837,0.00041837,0.00041837,3.0538284793084125e+19
2023-12-28 10:38:00,0.00041816,0.0004178399999999,0.0004178399999999,0.0004178399999999,6.868301486074429e+19
2023-12-28 10:39:00,0.0004176499999999,0.00041714,0.00041714,0.00041714,9.276023624348878e+19
2023-12-28 10:40:00,0.00041713,0.00041713,0.00041713,0.00041713,3.642989330073419e+17
2023-12-28 10:42:00,0.00041706,0.00041706,0.00041706,0.00041706,9.655902815343118e+18
2023-12-28 10:43:00,0.0004169399999999,0.0004169399999999,0.0004169399999999,0.0004169399999999,1.611929121773458e+19
2023-12-28 10:49:00,0.00041668,0.00041609,0.00041609,0.00041609,9.720545768079485e+19
2023-12-28 11:05:00,0.00041695,0.00041695,0.00041695,0.00041695,9.999005470853131e+19
2023-12-28 11:42:00,0.00041648,0.00041648,0.00041648,0.00041648,6.232058833819751e+19
2023-12-28 11:49:00,0.00041602,0.00041602,0.00041602,0.00041602,4.3162771513316704e+19
2023-12-28 12:07:00,0.00041603,0.00041603,0.00041603,0.00041604,1.5529052909612442e+18
2023-12-28 12:19:00,0.00041603,0.00041603,0.00041603,0.00041603,1.7942079711376362e+17
2023-12-28 12:23:00,0.0004162799999999,0.0004162799999999,0.0004162799999999,0.00041653,4.8810698075715486e+19
2023-12-28 12:25:00,0.0004167599999999,0.0004167599999999,0.0004167599999999,0.0004167599999999,2.9511087978416624e+19
2023-12-28 12:26:00,0.00041727,0.00041727,0.00041727,0.00041727,6.695772457744822e+19
2023-12-28 12:27:00,0.00041742,0.00041742,0.00041742,0.0004176,4.409171117119008e+19
2023-12-28 12:32:00,0.00041783,0.00041783,0.00041783,0.00041783,2.995016238269966e+19
2023-12-28 12:33:00,0.00041806,0.00041806,0.00041806,0.00041806,2.951342407926228e+19
2023-12-28 12:35:00,0.00041908,0.00041908,0.00041908,0.00041908,1.3374397393341052e+20
2023-12-28 12:42:00,0.00041831,0.00041831,0.00041831,0.00041831,1.0018473208352434e+20
2023-12-28 12:48:00,0.00041831,0.00041831,0.00041831,0.00041831,8.45778846569876e+16
2023-12-28 12:56:00,0.0004184599999999,0.0004184599999998,0.0004184599999999,0.0004184599999999,1.910550689587874e+19
2023-12-28 12:57:00,0.0004187599999999,0.0004187599999999,0.0004187599999999,0.0004187599999999,3.944038257594416e+19
2023-12-28 12:58:00,0.0004189299999999,0.0004189299999999,0.0004189299999999,0.00041918,5.594969270044084e+19
2023-12-28 12:59:00,0.0004195699999999,0.0004195699999999,0.0004195699999999,0.00041979,7.973398348830363e+19
2023-12-28 13:00:00,0.00042026,0.00042026,0.00042026,0.00042026,6.099981790147668e+19
2023-12-28 13:01:00,0.00042028,0.00042028,0.00042028,0.00042143,1.525831100505783e+20
2023-12-28 13:04:00,0.0004210899999999,0.0004210899999999,0.0004210899999999,0.0004210899999999,4.431789563320974e+19
2023-12-28 13:07:00,0.00042073,0.00042073,0.00042073,0.00042073,4.717758329439548e+19
2023-12-28 13:08:00,0.00042362,0.00042102,0.00042102,0.00042102,7.132788838642276e+20
2023-12-28 13:11:00,0.0004232399999999,0.0004232399999999,0.0004232399999999,0.0004232399999999,2.884733358539227e+20
2023-12-28 13:12:00,0.00042098,0.00042098,0.00042098,0.00042098,2.926728499315928e+20
2023-12-28 13:15:00,0.00042056,0.00042056,0.00042056,0.00042056,5.521344976727657e+19
2023-12-28 13:16:00,0.00042017,0.00041995,0.00041995,0.00041995,7.94019377977546e+19
2023-12-28 13:18:00,0.00041976,0.00041944,0.00041944,0.00041944,6.660432992731864e+19
2023-12-28 13:19:00,0.0004194299999999,0.0004194299999999,0.0004194299999999,0.0004194299999999,1.2545274555662508e+18
2023-12-28 13:21:00,0.00041916,0.00041892,0.00041892,0.00041892,6.599822138276142e+19
2023-12-28 13:22:00,0.0004189,0.00041889,0.00041889,0.00041889,4.572025394067199e+18
2023-12-28 13:23:00,0.00041888,0.00041852,0.00041852,0.00041852,4.7633656644197016e+19
2023-12-28 13:24:00,0.00041815,0.00041761,0.00041761,0.00041761,1.1872010192711075e+20
2023-12-28 13:25:00,0.0004167499999999,0.00041573,0.00041573,0.00041573,2.136414384939307e+20
2023-12-28 13:26:00,0.00041557,0.00041557,0.00041557,0.00041557,1.2432169109764682e+19
2023-12-28 13:38:00,0.00041626,0.00041626,0.00041626,0.00041626,5.348820355699273e+19
2023-12-28 13:39:00,0.00041625,0.00041625,0.00041625,0.00041625,1.0375220304000808e+18
2023-12-28 13:40:00,0.00041648,0.00041648,0.00041648,0.00041648,2.494147803726826e+19
2023-12-28 13:42:00,0.0004167099999999,0.0004167099999998,0.0004167099999999,0.00041697,6.535899088862109e+19
2023-12-28 13:43:00,0.00041719,0.00041719,0.00041719,0.00041719,2.772929958655561e+19
2023-12-28 13:50:00,0.00041713,0.0004167899999999,0.0004167899999999,0.0004167899999999,5.131638641805215e+19
2023-12-28 13:56:00,0.0004167999999999,0.0004167999999998,0.0004167999999999,0.0004167999999999,6.016183123834538e+17
2023-12-28 13:57:00,0.00041678,0.00041678,0.00041678,0.00041678,2.908756506035696e+18
2023-12-28 14:03:00,0.00041678,0.00041678,0.00041678,0.00041678,8.360663547766202e+17
2023-12-28 14:05:00,0.0004169399999999,0.0004169399999999,0.0004169399999999,0.0004169399999999,2.099007159901568e+19
2023-12-28 14:06:00,0.00041724,0.00041724,0.00041724,0.0004180099999999,1.404714522620952e+20
2023-12-28 14:09:00,0.00041804,0.00041804,0.00041804,0.00041804,3.132420182177749e+18
2023-12-28 14:10:00,0.00041807,0.00041807,0.00041807,0.00041878,9.7816153138353e+19
2023-12-28 14:11:00,0.00041914,0.00041914,0.00041914,0.00041914,4.64548708909638e+19
2023-12-28 14:13:00,0.00041914,0.00041914,0.00041914,0.00041914,6.306032901446616e+17
2023-12-28 14:15:00,0.00041915,0.00041915,0.00041915,0.00041915,6.306105478727731e+17
2023-12-28 14:18:00,0.00041934,0.00041934,0.00041934,0.00041964,6.3773789853969015e+19
2023-12-28 14:19:00,0.00041992,0.00041992,0.00041992,0.00041992,3.723514235663026e+19
2023-12-28 14:21:00,0.00042031,0.00042031,0.00042031,0.00042079,1.137633493884259e+20
2023-12-28 14:24:00,0.00042107,0.00042107,0.00042107,0.00042107,3.604713580014517e+19
2023-12-28 14:25:00,0.00042107,0.00042107,0.00042107,0.00042107,6.000000014206616e+17
2023-12-28 14:27:00,0.00042072,0.0004205099999999,0.0004205099999999,0.0004205099999999,7.375566221918783e+19
2023-12-28 14:30:00,0.00042022,0.00042022,0.00042022,0.00042022,3.759939724164802e+19
2023-12-28 14:43:00,0.0004205,0.0004205,0.0004205,0.0004205,3.736900282311494e+19
2023-12-28 14:44:00,0.00042093,0.00042093,0.00042093,0.00042128,1.011612813497568e+20
2023-12-28 14:46:00,0.00042133,0.00042133,0.00042133,0.00042203,9.75598127606264e+19
2023-12-28 14:48:00,0.00042204,0.00042204,0.00042204,0.00042204,1.9938644336056545e+19
2023-12-28 14:51:00,0.00042203,0.00042203,0.00042203,0.00042203,5.2596226410333005e+17
2023-12-28 14:57:00,0.00042222,0.00042222,0.00042222,0.0004230999999999,1.3936285827597812e+20
2023-12-28 15:00:00,0.00042228,0.00042228,0.00042228,0.00042228,1.0658017987366784e+20
2023-12-28 15:01:00,0.00042188,0.00042188,0.00042188,0.00042188,5.246159585643795e+19
2023-12-28 15:04:00,0.00042187,0.00042187,0.00042187,0.00042187,1.250785317132702e+18
2023-12-28 15:19:00,0.00042203,0.00042203,0.00042203,0.00042208,2.743795171572772e+19
2023-12-28 15:20:00,0.00042241,0.00042241,0.00042241,0.00042266,7.525332353377172e+19
2023-12-28 15:26:00,0.0004228299999999,0.0004228299999999,0.0004228299999999,0.0004228299999999,2.2563215508449464e+19
2023-12-28 15:27:00,0.00042331,0.00042331,0.00042331,0.00042331,6.189271026291592e+19
2023-12-28 15:28:00,0.00042358,0.00042358,0.00042358,0.00042358,3.534193592203238e+19
2023-12-28 15:51:00,0.0004238199999999,0.0004238199999999,0.0004238199999999,0.0004238199999999,3.093964896746901e+19
2023-12-28 16:08:00,0.00042381,0.00042353,0.00042353,0.00042353,3.7714312211430064e+19
2023-12-28 16:09:00,0.00042326,0.00042326,0.00042326,0.00042326,3.466779591423346e+19
2023-12-28 16:21:00,0.00042301,0.00042301,0.00042301,0.00042301,3.2756331313431683e+19
2023-12-28 16:35:00,0.000423,0.000423,0.000423,0.000423,8.085106768627246e+17
2023-12-28 16:37:00,0.000423,0.00042262,0.00042262,0.00042262,4.885565192801441e+19
2023-12-28 16:40:00,0.00042259,0.00042259,0.00042259,0.00042259,3.678545445765053e+18
2023-12-28 16:42:00,0.00042259,0.00042259,0.00042259,0.00042259,3.8033832978939226e+17
2023-12-28 16:43:00,0.00042259,0.00042259,0.00042259,0.00042259,5.345011634620095e+17
2023-12-28 16:45:00,0.00042243,0.00042229,0.00042229,0.00042229,3.920330679035848e+19
2023-12-28 16:47:00,0.0004219699999999,0.0004219699999999,0.0004219699999999,0.0004219699999999,4.1198327690684e+19
2023-12-28 16:48:00,0.00042196,0.00042104,0.00042104,0.00042104,1.2107891370722543e+20
2023-12-28 16:58:00,0.00042104,0.00042104,0.00042104,0.00042123,2.4564602336385884e+19
2023-12-28 16:59:00,0.00042135,0.0004213499999999,0.00042135,0.00042135,1.6600328442148137e+19
2023-12-28 17:27:00,0.00042135,0.0004213499999999,0.00042135,0.00042135,2.1004395075827165e+17
2023-12-28 17:38:00,0.00042225,0.00042225,0.00042225,0.00042225,1.1666560010288924e+20
2023-12-28 17:40:00,0.00042225,0.00042225,0.00042225,0.00042225,2.4316285856507302e+17
2023-12-28 17:50:00,0.00042225,0.00042225,0.00042225,0.00042225,8.907303000926422e+16
2023-12-28 17:51:00,0.0004225099999999,0.0004225099999998,0.0004225099999999,0.00042297,9.362587615151523e+19
2023-12-28 17:53:00,0.0004231099999999,0.0004231099999999,0.0004231099999999,0.0004231099999999,1.767222574369551e+19
2023-12-28 17:55:00,0.00042339,0.00042339,0.00042339,0.00042339,3.6804906510610985e+19
2023-12-28 17:56:00,0.0004234,0.0004234,0.0004234,0.0004234,1.500000003532129e+18
2023-12-28 18:07:00,0.00042364,0.00042364,0.00042364,0.00042364,3.064322503176889e+19
2023-12-28 18:09:00,0.0004237399999999,0.0004237399999999,0.0004237399999999,0.00042378,1.7647329852116689e+19
2023-12-28 18:10:00,0.00042377,0.00042377,0.00042377,0.00042378,1.8856069528407867e+18
2023-12-28 18:11:00,0.00042391,0.00042391,0.00042391,0.00042391,1.6893421668487784e+19
2023-12-28 18:14:00,0.00042391,0.00042391,0.00042391,0.00042391,3.000000007055681e+17
2023-12-28 18:17:00,0.0004243099999999,0.0004243099999999,0.0004243099999999,0.0004243099999999,5.255399072467224e+19
2023-12-28 18:19:00,0.00042432,0.00042432,0.00042432,0.00042432,2.2576288168314808e+18
2023-12-28 18:20:00,0.00042433,0.00042433,0.00042433,0.00042433,7.755720952813051e+17
2023-12-28 18:28:00,0.00042433,0.00042433,0.00042433,0.00042433,1.000000002349594e+16
2023-12-28 18:31:00,0.00042413,0.00042392,0.00042392,0.00042392,5.486818827676639e+19
2023-12-28 18:32:00,0.0004237899999999,0.0004237899999999,0.0004237899999999,0.0004237899999999,1.6519087318117091e+19
2023-12-28 18:37:00,0.0004241699999999,0.0004241699999999,0.0004241699999999,0.0004241699999999,5.003575493235371e+19
2023-12-28 19:04:00,0.00042391,0.00042391,0.00042391,0.00042391,3.466159918167741e+19
2023-12-28 19:05:00,0.00042371,0.00042371,0.00042371,0.00042371,2.6111479952086696e+19
2023-12-28 19:08:00,0.00042371,0.00042371,0.00042371,0.00042371,2.1689473915360573e+17
2023-12-28 19:09:00,0.00042368,0.00042368,0.00042368,0.00042368,3.3356205157455683e+18
2023-12-28 19:10:00,0.00042339,0.00042333,0.00042333,0.00042333,4.561739010574523e+19
2023-12-28 19:15:00,0.00042297,0.00042297,0.00042297,0.00042297,4.622577891291332e+19
2023-12-28 19:17:00,0.00042297,0.00042297,0.00042297,0.00042297,9.70992186472918e+17
2023-12-28 19:20:00,0.00042293,0.00042291,0.00042291,0.00042291,7.724445277334832e+18
2023-12-28 19:44:00,0.00042291,0.00042291,0.00042291,0.00042291,2.8460499470090224e+16
2023-12-28 20:02:00,0.00042307,0.00042307,0.00042307,0.0004233,5.103705996934003e+19
2023-12-28 20:04:00,0.00042363,0.00042363,0.00042363,0.00042363,4.316371932701339e+19
2023-12-28 20:06:00,0.00042365,0.00042365,0.00042365,0.00042365,2.700000006354179e+18
2023-12-28 20:08:00,0.0004236599999999,0.0004236599999999,0.0004236599999999,0.00042399,4.362051660986795e+19
2023-12-28 20:10:00,0.00042418,0.00042418,0.00042418,0.00042422,3.092403658260901e+19
2023-12-28 20:29:00,0.0004242,0.0004241999999999,0.0004242,0.0004242,2.537605949509948e+18
2023-12-28 20:30:00,0.00042458,0.00042458,0.00042458,0.00042491,9.592660575794168e+19
2023-12-28 20:31:00,0.00042492,0.00042492,0.00042492,0.0004255699999999,8.803078586051065e+19
2023-12-28 20:32:00,0.0004255699999999,0.0004255699999999,0.0004255699999999,0.0004255699999999,1.9976156166833286e+17
2023-12-28 20:33:00,0.00042558,0.00042558,0.00042558,0.0004258299999999,3.5048818338134614e+19
2023-12-28 21:05:00,0.00042569,0.00042569,0.00042569,0.00042569,1.8872645639051715e+19
2023-12-28 21:06:00,0.0004253199999999,0.0004250399999999,0.0004250399999999,0.0004250399999999,8.69467148547501e+19
2023-12-28 21:08:00,0.0004247699999999,0.0004247699999999,0.0004247699999999,0.0004247699999999,3.6654472587704615e+19
2023-12-28 21:11:00,0.0004246399999999,0.0004246399999999,0.0004246399999999,0.0004246399999999,1.7382752171379163e+19
2023-12-28 21:41:00,0.0004246399999999,0.0004246399999999,0.0004246399999999,0.0004246399999999,7.761533179065188e+17
2023-12-28 21:42:00,0.00042465,0.00042465,0.00042465,0.00042465,1.3625000031989243e+18
2023-12-28 21:43:00,0.00042465,0.00042465,0.00042465,0.00042465,8.706465476846622e+16
2023-12-28 21:44:00,0.0004247699999999,0.0004247699999999,0.0004247699999999,0.00042499,4.598372382178878e+19
2023-12-28 21:45:00,0.0004250099999999,0.0004250099999999,0.0004250099999999,0.0004250099999999,2.250000005278194e+18
2023-12-28 21:46:00,0.00042528,0.00042528,0.00042528,0.00042528,3.5656426759031456e+19
2023-12-28 21:47:00,0.0004256499999999,0.0004256499999999,0.0004256499999999,0.00042596,9.154115671690615e+19
2023-12-28 21:48:00,0.0004261,0.0004261,0.0004261,0.0004261,1.8577871204316897e+19
2023-12-28 21:49:00,0.0004262099999999,0.0004262099999999,0.0004262099999999,0.0004263899999999,3.856962659992747e+19
2023-12-28 22:04:00,0.0004263899999999,0.0004263899999999,0.0004263899999999,0.0004263899999999,1.0000000023382544e+16
2023-12-28 22:05:00,0.0004263899999999,0.0004263899999999,0.0004263899999999,0.0004263899999999,3.0000000070147604e+16
2023-12-28 22:29:00,0.00042638,0.00042638,0.00042638,0.00042638,6.072591799564525e+17
2023-12-28 22:32:00,0.00042614,0.00042611,0.00042611,0.00042611,3.6361169264581616e+19
2023-12-28 22:34:00,0.00042611,0.00042611,0.00042611,0.00042611,1.7270197378831728e+17
2023-12-28 22:42:00,0.00042611,0.00042611,0.00042611,0.00042611,1.3137574593662286e+17
2023-12-28 22:47:00,0.00042611,0.00042611,0.00042611,0.00042611,2.69663232212189e+16
2023-12-28 22:54:00,0.00042598,0.0004255,0.0004255,0.0004255,8.158556351637599e+19
2023-12-28 22:55:00,0.00042533,0.00042533,0.00042533,0.00042533,2.321784777262345e+19
2023-12-28 23:01:00,0.0004253199999999,0.0004253199999999,0.0004253199999999,0.0004253199999999,8.56468600652392e+17
2023-12-28 23:15:00,0.0004253199999999,0.0004253199999999,0.0004253199999999,0.0004253199999999,6.122898957858945e+17
2023-12-28 23:40:00,0.0004253199999999,0.00042523,0.00042523,0.00042523,1.2970716389495749e+19
2023-12-28 23:55:00,0.00042543,0.00042543,0.00042543,0.00042543,2.6774372776481083e+19
2023-12-29 00:17:00,0.00042527,0.00042485,0.00042485,0.00042485,7.691600108517589e+19
2023-12-29 00:18:00,0.0004245699999999,0.0004245699999999,0.0004245699999999,0.0004245699999999,3.802143280280319e+19
2023-12-29 00:38:00,0.00042428,0.00042428,0.00042428,0.00042428,3.830118941704012e+19
2023-12-29 00:51:00,0.00042428,0.00042428,0.00042428,0.00042428,6556637294205848.0
2023-12-29 00:53:00,0.00042456,0.00042456,0.00042456,0.00042456,3.6888948376800313e+19
2023-12-29 00:54:00,0.00042456,0.00042456,0.00042456,0.00042475,2.629373849337365e+19
2023-12-29 00:55:00,0.00042476,0.00042476,0.00042476,0.00042476,8.668186183545617e+17
2023-12-29 00:56:00,0.00042488,0.00042488,0.00042488,0.00042488,1.5834093349070193e+19
2023-12-29 00:57:00,0.00042491,0.00042491,0.00042491,0.00042512,3.31915005691444e+19
2023-12-29 00:59:00,0.00042533,0.00042533,0.00042533,0.00042563,6.753894961144378e+19
2023-12-29 01:00:00,0.0004257999999999,0.0004257999999998,0.0004257999999999,0.00042602,5.316585179221822e+19
2023-12-29 01:01:00,0.00042627,0.00042627,0.00042627,0.0004287599999999,3.682457058402325e+20
2023-12-29 01:02:00,0.0004287599999999,0.0004287599999999,0.0004287599999999,0.0004287599999999,8.600311028196202e+16
2023-12-29 01:03:00,0.00042889,0.00042866,0.00042866,0.00042866,4.945860398097384e+19
2023-12-29 01:07:00,0.00042837,0.00042801,0.00042801,0.00042801,8.66428984007985e+19
2023-12-29 01:09:00,0.00042746,0.00042722,0.00042722,0.00042722,1.0693614867177744e+20
2023-12-29 01:10:00,0.00042722,0.00042722,0.00042722,0.00042722,1.7463345772502813e+17
2023-12-29 01:18:00,0.0004270399999999,0.00042694,0.00042694,0.00042694,3.693327998728211e+19
2023-12-29 01:25:00,0.00042728,0.00042728,0.00042728,0.0004275799999999,8.624458953850336e+19
2023-12-29 01:31:00,0.00042773,0.00042773,0.00042773,0.00042773,1.9392267795925787e+19
2023-12-29 01:32:00,0.00042794,0.00042794,0.00042794,0.00042829,7.643033771724099e+19
2023-12-29 01:33:00,0.00042846,0.00042846,0.00042846,0.00042846,2.182598356014499e+19
2023-12-29 01:34:00,0.00042872,0.00042872,0.00042872,0.00042872,3.590472854102353e+19
2023-12-29 01:35:00,0.0004289299999999,0.0004289299999999,0.0004289299999999,0.0004289299999999,2.8461611596452794e+19
2023-12-29 01:37:00,0.00042915,0.00042915,0.00042915,0.00043022,1.719347171440581e+20
2023-12-29 01:41:00,0.00043037,0.00043037,0.00043037,0.00043037,2.0763584744875934e+19
2023-12-29 01:42:00,0.00043071,0.00043071,0.00043071,0.00043071,4.545891397890884e+19
2023-12-29 01:52:00,0.0004304799999999,0.0004304799999999,0.0004304799999999,0.0004304799999999,3.0496702964659982e+19
2023-12-29 01:53:00,0.00043018,0.00043018,0.00043018,0.00043018,4.0644607824268665e+19
2023-12-29 01:54:00,0.0004299399999999,0.0004299399999999,0.0004299399999999,0.0004299399999999,3.224399987675379e+19
2023-12-29 01:57:00,0.00042993,0.0004297799999999,0.0004297799999999,0.0004297799999999,2.0377825757056164e+19
2023-12-29 01:58:00,0.00042955,0.00042955,0.00042955,0.00042955,3.1877198731892752e+19
2023-12-29 02:00:00,0.0004294999999999,0.00042922,0.00042922,0.00042922,4.36797092201828e+19
2023-12-29 02:04:00,0.00042896,0.00042896,0.00042896,0.00042896,3.413465009638424e+19
2023-12-29 02:49:00,0.0004287599999999,0.0004287599999999,0.0004287599999999,0.0004287599999999,2.8188405133843755e+19
2023-12-29 02:52:00,0.0004287599999999,0.00042846,0.00042846,0.00042846,4.09024079106399e+19
2023-12-29 02:53:00,0.00042836,0.00042812,0.00042812,0.00042812,4.698403169109209e+19
2023-12-29 02:54:00,0.0004279199999999,0.0004279199999999,0.0004279199999999,0.0004279199999999,2.8077442263083323e+19
2023-12-29 03:04:00,0.0004279199999999,0.0004279199999999,0.0004279199999999,0.0004279199999999,4.44052868764916e+17
2023-12-29 03:05:00,0.0004279199999999,0.0004279199999999,0.0004279199999999,0.0004279199999999,1.815263772156393e+17
2023-12-29 03:09:00,0.0004277199999999,0.00042748,0.00042748,0.00042748,5.95484880048571e+19
2023-12-29 03:11:00,0.00042748,0.00042748,0.00042748,0.00042748,3.196509337973371e+17
2023-12-29 03:21:00,0.00042748,0.00042748,0.00042748,0.00042748,6.925710913429343e+17
2023-12-29 03:28:00,0.00042725,0.00042716,0.00042716,0.00042716,4.413047264287345e+19
2023-12-29 03:29:00,0.00042694,0.00042694,0.00042694,0.00042694,2.9953506033642664e+19
2023-12-29 03:30:00,0.00042689,0.00042689,0.00042689,0.00042689,7.78894062284592e+18
2023-12-29 03:31:00,0.00042687,0.00042685,0.00042685,0.00042685,4.535921589399976e+18
2023-12-29 03:32:00,0.00042685,0.00042683,0.00042683,0.00042683,2.473226115814195e+18
2023-12-29 03:33:00,0.00042683,0.00042681,0.00042681,0.00042681,3.999413101254607e+18
2023-12-29 03:34:00,0.00042677,0.00042677,0.00042677,0.00042677,4.680594361619694e+18
2023-12-29 03:35:00,0.0004266,0.00042634,0.00042634,0.00042634,5.970368632899387e+19
2023-12-29 03:36:00,0.00042605,0.0004257999999998,0.0004257999999999,0.0004257999999999,7.182263181889171e+19
2023-12-29 03:37:00,0.0004256499999999,0.0004256499999999,0.0004256499999999,0.0004256499999999,1.946499195606002e+19
2023-12-29 03:38:00,0.0004253999999999,0.0004253999999999,0.0004253999999999,0.0004253999999999,3.456744032445371e+19
2023-12-29 03:39:00,0.00042538,0.00042533,0.00042533,0.00042533,8.248525468871097e+18
2023-12-29 03:47:00,0.0004253399999999,0.00042533,0.00042533,0.00042533,1.8352388048226696e+18
2023-12-29 03:53:00,0.00042531,0.00042531,0.00042531,0.00042531,2.226216530270444e+18
2023-12-29 04:11:00,0.00042533,0.00042533,0.00042533,0.00042533,2.2986047198718305e+18
2023-12-29 04:13:00,0.00042535,0.00042535,0.00042535,0.00042535,3.025241530569538e+18
2023-12-29 04:14:00,0.0004253699999999,0.0004253699999999,0.0004253699999999,0.0004253699999999,2.233933489894562e+18
2023-12-29 05:06:00,0.0004253699999999,0.0004253699999999,0.0004253699999999,0.0004253699999999,3.1302463335384614e+17
2023-12-29 05:33:00,0.0004254499999999,0.0004254499999999,0.0004254499999999,0.00042547,1.4413217932178196e+19
2023-12-29 05:34:00,0.00042548,0.00042548,0.00042548,0.00042548,9.165000021475997e+16
2023-12-29 05:43:00,0.00042547,0.00042547,0.00042547,0.00042547,9.752351910807548e+17
2023-12-29 05:56:00,0.0004253399999999,0.0004253399999999,0.0004253399999999,0.0004253399999999,1.7453071944096915e+19
2023-12-29 05:58:00,0.0004253399999999,0.0004253399999999,0.0004253399999999,0.0004253399999999,2.6283372979756896e+17
2023-12-29 05:59:00,0.00042533,0.00042525,0.00042525,0.00042525,1.1990115072147706e+19
2023-12-29 06:06:00,0.0004252199999999,0.0004252199999999,0.0004252199999999,0.0004252199999999,4.0275779677451336e+18
2023-12-29 06:07:00,0.00042521,0.00042521,0.00042521,0.00042521,8.478748331183452e+17
2023-12-29 06:08:00,0.0004251999999999,0.0004251999999999,0.0004251999999999,0.0004251999999999,9.659175069689444e+17
2023-12-29 06:09:00,0.0004251999999999,0.0004251999999999,0.0004251999999999,0.0004251999999999,4.202161502148626e+17
2023-12-29 06:16:00,0.0004251999999999,0.0004251999999999,0.0004251999999999,0.0004251999999999,1.3555061820597394e+16
2023-12-29 06:43:00,0.000425,0.000425,0.000425,0.000425,2.6697570974631203e+19
2023-12-29 07:41:00,0.0004250099999999,0.0004250099999999,0.0004250099999999,0.0004250099999999,2.0065060368325e+18
2023-12-29 07:42:00,0.00042503,0.00042503,0.00042503,0.00042503,1.862967862346116e+18
2023-12-29 07:43:00,0.00042523,0.00042523,0.00042523,0.0004254499999999,5.656486677861698e+19
2023-12-29 07:48:00,0.0004255299999999,0.0004255299999999,0.0004255299999999,0.0004257,3.3817335908119204e+19
2023-12-29 07:50:00,0.0004259199999999,0.0004259199999999,0.0004259199999999,0.0004259199999999,2.97589037667366e+19
2023-12-29 07:51:00,0.00042612,0.00042612,0.00042612,0.00042627,4.69973943151279e+19
2023-12-29 07:52:00,0.0004262799999999,0.0004262799999999,0.0004262799999999,0.0004262799999999,6.966052932007624e+17
2023-12-29 07:54:00,0.0004264999999999,0.0004264999999999,0.0004264999999999,0.0004266699999999,5.3165532098790105e+19
2023-12-29 07:55:00,0.00042691,0.00042691,0.00042691,0.00042691,3.309831851052511e+19
2023-12-29 07:56:00,0.0004271499999999,0.0004271499999999,0.0004271499999999,0.0004271499999999,3.303144141418772e+19
2023-12-29 07:57:00,0.00042734,0.00042734,0.00042734,0.00042734,2.724568693978667e+19
2023-12-29 07:58:00,0.0004273499999999,0.0004273499999998,0.0004273499999999,0.00042748,1.919000004476356e+19
2023-12-29 08:17:00,0.00042718,0.00042718,0.00042718,0.00042718,4.160982260512671e+19
2023-12-29 08:41:00,0.00042689,0.0004266,0.0004266,0.0004266,7.980497284151784e+19
2023-12-29 09:09:00,0.00042662,0.00042662,0.00042662,0.00042663,3.34260808064088e+18
2023-12-29 09:10:00,0.00042659,0.00042659,0.00042659,0.00042659,5.130405707928033e+18
2023-12-29 09:21:00,0.0004263199999999,0.0004260299999998,0.0004260299999999,0.0004260299999999,7.514456636827373e+19
2023-12-29 09:22:00,0.0004257999999999,0.0004257999999998,0.0004257999999999,0.0004257999999999,3.0387347336838808e+19
2023-12-29 09:23:00,0.00042554,0.0004253999999999,0.0004253999999999,0.0004253999999999,5.476840673856639e+19
2023-12-29 09:29:00,0.00042525,0.00042525,0.00042525,0.00042525,1.98753490749254e+19
2023-12-29 09:30:00,0.00042506,0.0004250499999999,0.0004250499999999,0.0004250499999999,2.641739675179089e+19
2023-12-29 09:31:00,0.00042479,0.00042479,0.00042479,0.00042479,3.526496574166291e+19
2023-12-29 09:33:00,0.00042463,0.00042443,0.00042443,0.00042443,4.721187628874555e+19
2023-12-29 09:58:00,0.00042422,0.0004231499999999,0.0004231499999999,0.0004231499999999,1.680528730520595e+20
2023-12-29 10:46:00,0.00042295,0.00042295,0.00042295,0.00042295,2.6213150782239605e+19
2023-12-29 11:03:00,0.00042296,0.00042296,0.00042296,0.00042296,1.2812255986437473e+18
2023-12-29 11:08:00,0.00042297,0.00042297,0.00042297,0.00042297,1.5441940219050166e+18
2023-12-29 11:10:00,0.00042266,0.00042249,0.00042249,0.00042249,6.211660684796443e+19
2023-12-29 11:12:00,0.00042237,0.00042237,0.00042237,0.00042237,1.6151838147802913e+19
2023-12-29 11:13:00,0.0004223199999999,0.0004223199999999,0.0004223199999999,0.0004223199999999,6.695094269346268e+18
2023-12-29 11:14:00,0.00042231,0.00042231,0.00042231,0.00042231,2.0312884830580768e+17
2023-12-29 11:17:00,0.00042212,0.00042173,0.00042173,0.00042173,7.52433918562189e+19
2023-12-29 11:26:00,0.00042172,0.00042172,0.00042172,0.00042172,1.4268356926209626e+18
2023-12-29 12:14:00,0.00042172,0.00042172,0.00042172,0.00042172,2.695662453466634e+17
2023-12-29 12:17:00,0.00042172,0.00042172,0.00042172,0.00042172,6.87770690033074e+16
2023-12-29 12:39:00,0.00042202,0.00042202,0.00042202,0.00042202,3.857745016900841e+19
2023-12-29 12:43:00,0.00042209,0.00042209,0.00042209,0.00042247,5.817520780264052e+19
2023-12-29 12:45:00,0.00042247,0.00042247,0.00042247,0.00042247,4.241479464384308e+17
2023-12-29 13:18:00,0.00042261,0.00042261,0.00042261,0.00042261,1.8263971135903367e+19
2023-12-29 13:19:00,0.00042294,0.00042294,0.00042294,0.00042317,7.166967719684253e+19
2023-12-29 13:22:00,0.00042343,0.00042343,0.00042343,0.00042343,3.431038225432825e+19
2023-12-29 13:27:00,0.00042359,0.00042359,0.00042359,0.00042378,4.588185583267761e+19
2023-12-29 13:41:00,0.00042365,0.00042365,0.00042365,0.00042365,1.7147321221564998e+19
2023-12-29 13:42:00,0.00042336,0.00042336,0.00042336,0.00042336,3.777016989118869e+19
2023-12-29 13:43:00,0.00042333,0.00042333,0.00042333,0.00042333,4.233562027970493e+18
2023-12-29 14:15:00,0.0004233,0.0004233,0.0004233,0.0004233,3.16532859078008e+18
2023-12-29 14:35:00,0.00042297,0.00042279,0.00042279,0.00042279,6.607643598123863e+19
2023-12-29 14:37:00,0.0004223999999999,0.0004223999999999,0.0004223999999999,0.0004223999999999,5.107650012122805e+19
2023-12-29 14:39:00,0.0004223899999999,0.00042214,0.00042214,0.00042214,3.2657615549347734e+19
2023-12-29 14:40:00,0.00042214,0.00042214,0.00042214,0.00042214,1.0521841557155836e+18
2023-12-29 14:41:00,0.00042186,0.0004216,0.0004216,0.0004216,6.948672325099694e+19
2023-12-29 14:42:00,0.00042128,0.00042032,0.00042032,0.00042032,1.663914222320216e+20
2023-12-29 14:49:00,0.00042032,0.00042032,0.00042032,0.00042032,1.0015000023898986e+17
2023-12-29 15:09:00,0.0004205,0.0004205,0.0004205,0.00042076,5.777627752350576e+19
2023-12-29 15:10:00,0.00042081,0.00042081,0.00042081,0.00042081,5.888600795789159e+18
2023-12-29 15:11:00,0.00042099,0.00042099,0.00042099,0.00042099,2.3741604372816454e+19
2023-12-29 15:12:00,0.0004211299999999,0.0004211299999999,0.0004211299999999,0.0004211299999999,1.7985349418510356e+19
2023-12-29 15:14:00,0.00042143,0.00042143,0.00042143,0.00042163,6.551477659752137e+19
2023-12-29 15:15:00,0.0004218299999999,0.0004218299999999,0.0004218299999999,0.00042214,6.5969375093033165e+19
2023-12-29 15:16:00,0.00042241,0.00042241,0.00042241,0.00042241,3.597196575507852e+19
2023-12-29 15:17:00,0.00042258,0.00042258,0.00042258,0.0004228499999999,5.692744208211473e+19
2023-12-29 15:18:00,0.0004232399999999,0.0004232399999999,0.0004232399999999,0.0004232399999999,5.02030671927635e+19
2023-12-29 15:20:00,0.00042356,0.00042356,0.00042356,0.00042402,1.0137047925492684e+20
2023-12-29 15:35:00,0.00042424,0.00042424,0.00042424,0.0004245699999999,7.489525387013054e+19
2023-12-29 15:40:00,0.00042484,0.00042484,0.00042484,0.00042484,3.6210215007748346e+19
2023-12-29 15:41:00,0.0004250199999999,0.0004250199999999,0.0004250199999999,0.00042569,1.1329218051315864e+20
2023-12-29 15:42:00,0.0004259,0.0004259,0.0004259,0.0004259,2.843847815035771e+19
2023-12-29 15:45:00,0.00042626,0.00042626,0.00042626,0.00042626,4.796568944864924e+19
2023-12-29 15:46:00,0.0004265299999999,0.0004265299999999,0.0004265299999999,0.0004265299999999,3.7079669796080886e+19
2023-12-29 15:47:00,0.00042669,0.00042669,0.00042669,0.0004270199999999,6.7613742817846665e+19
2023-12-29 15:48:00,0.0004273,0.0004273,0.0004273,0.00042788,1.1903397977942714e+20
2023-12-29 15:49:00,0.00042794,0.00042794,0.00042794,0.00042794,8.379428238449902e+18
2023-12-29 15:50:00,0.00042815,0.00042815,0.00042815,0.00042834,5.57663124935565e+19
2023-12-29 15:51:00,0.00042862,0.00042862,0.00042862,0.00042862,3.8616467867050254e+19
2023-12-29 15:52:00,0.00042887,0.00042887,0.00042887,0.00042956,1.2800254182663812e+20
2023-12-29 15:53:00,0.00042956,0.00042956,0.00042956,0.00042956,5.000000011604887e+16
2023-12-29 15:56:00,0.00042958,0.00042958,0.00042958,0.00042958,2.8307802498748754e+18
2023-12-29 16:03:00,0.0004295899999999,0.0004295899999999,0.0004295899999999,0.0004295899999999,6.825310699875087e+17
2023-12-29 16:14:00,0.00043,0.00043,0.00043,0.00043,5.498597533491016e+19
2023-12-29 16:15:00,0.00043001,0.00043001,0.00043001,0.00043096,1.2860041236654686e+20
2023-12-29 16:20:00,0.00043117,0.00043117,0.00043117,0.0004313399999999,5.144619432129556e+19
2023-12-29 16:21:00,0.00043193,0.00043193,0.00043193,0.0004328199999999,1.981140919501484e+20
2023-12-29 16:22:00,0.0004330699999999,0.0004330699999999,0.0004330699999999,0.0004334199999999,8.034699014809205e+19
2023-12-29 16:24:00,0.0004334199999999,0.0004334199999999,0.0004334199999999,0.0004334199999999,1.8560574073693683e+17
2023-12-29 16:25:00,0.00043356,0.00043356,0.00043356,0.00043356,1.913483350706546e+19
2023-12-29 16:27:00,0.00043335,0.00043335,0.00043335,0.00043335,2.924283876176264e+19
2023-12-29 16:29:00,0.00043309,0.00043309,0.00043309,0.00043309,3.3536495351905964e+19
2023-12-29 16:31:00,0.0004328199999999,0.0004323199999999,0.0004323199999999,0.0004323199999999,1.0248045502563325e+20
2023-12-29 16:52:00,0.0004325299999999,0.0004325299999999,0.0004325299999999,0.00043287,7.329697764169807e+19
2023-12-29 16:53:00,0.0004329,0.0004329,0.0004329,0.0004329499999999,1.0840875196678425e+19
2023-12-29 16:54:00,0.0004334499999999,0.0004334499999999,0.0004334499999999,0.0004334499999999,6.66426281920809e+19
2023-12-29 16:58:00,0.00043346,0.00043346,0.00043346,0.00043346,7.022490222462257e+17
2023-12-29 16:59:00,0.00043371,0.0004337099999999,0.00043371,0.00043371,3.536539229050594e+19
2023-12-29 17:07:00,0.00043398,0.00043398,0.00043398,0.00043398,3.796997216005197e+19
2023-12-29 17:08:00,0.0004341199999999,0.0004341199999999,0.0004341199999999,0.0004341199999999,1.930755166766826e+19
2023-12-29 17:10:00,0.00043466,0.00043466,0.00043466,0.00043466,7.406840130392323e+19
2023-12-29 17:19:00,0.00043423,0.00043423,0.00043423,0.00043423,5.945922135088927e+19
2023-12-29 17:22:00,0.00043421,0.0004341899999998,0.0004341899999999,0.0004341899999999,4.601343676674581e+18
2023-12-29 17:23:00,0.00043418,0.00043418,0.00043418,0.00043418,2.395855938468191e+18
2023-12-29 17:26:00,0.00043418,0.00043418,0.00043418,0.00043418,8.657476689648709e+16
2023-12-29 17:28:00,0.00043418,0.00043418,0.00043418,0.00043418,3.454781975504012e+16
2023-12-29 17:32:00,0.00043418,0.00043418,0.00043418,0.00043418,3.849265215536667e+17
2023-12-29 17:37:00,0.00043437,0.00043437,0.00043437,0.00043437,2.615926119252364e+19
2023-12-29 17:41:00,0.0004345299999999,0.0004345299999999,0.0004345299999999,0.00043455,2.551244062023158e+19
2023-12-29 17:42:00,0.00043488,0.00043488,0.00043488,0.00043488,4.656032993039159e+19
2023-12-29 17:43:00,0.00043489,0.00043489,0.00043489,0.00043489,7.06283278793164e+17
2023-12-29 17:45:00,0.00043523,0.00043523,0.00043523,0.00043551,8.694374293741958e+19
2023-12-29 17:46:00,0.0004356999999999,0.0004356999999999,0.0004356999999999,0.0004356999999999,2.534308550827323e+19
2023-12-29 17:48:00,0.00043475,0.00043475,0.00043475,0.00043475,1.3158088239284543e+20
2023-12-29 17:49:00,0.00043511,0.00043511,0.00043511,0.00043511,4.976938749055095e+19
2023-12-29 17:55:00,0.00043511,0.00043511,0.00043511,0.00043511,1.233207761879455e+18
2023-12-29 18:14:00,0.00043511,0.00043511,0.00043511,0.00043511,1.0411331842579512e+18
2023-12-29 18:17:00,0.0004349199999999,0.00043487,0.00043487,0.00043487,3.3125208965833294e+19
2023-12-29 18:32:00,0.00043485,0.00043422,0.00043422,0.00043422,9.06281489502811e+19
2023-12-29 18:42:00,0.00043403,0.00043388,0.00043388,0.00043388,4.6351717294675804e+19
2023-12-29 18:43:00,0.00043373,0.00043341,0.00043341,0.00043341,6.627014324425812e+19
2023-12-29 18:44:00,0.00043313,0.00043313,0.00043313,0.00043313,3.798299893768959e+19
2023-12-29 18:47:00,0.00043313,0.00043313,0.00043313,0.00043313,6.477510696392117e+16
2023-12-29 18:50:00,0.00043313,0.00043313,0.00043313,0.00043313,1.0125586513614385e+18
2023-12-29 18:52:00,0.00043312,0.00043312,0.00043312,0.00043312,4.524279233085901e+17
2023-12-29 18:57:00,0.0004329499999999,0.0004329499999999,0.0004329499999999,0.0004329499999999,2.374561219144956e+19
2023-12-29 19:27:00,0.0004327799999999,0.0004327799999999,0.0004327799999999,0.0004327799999999,2.363514431466244e+19
2023-12-29 19:29:00,0.0004327799999999,0.0004327799999999,0.0004327799999999,0.0004327799999999,5.814625644749358e+17
2023-12-29 19:32:00,0.0004327799999999,0.0004327799999999,0.0004327799999999,0.0004327799999999,3.883310275660156e+17
2023-12-29 19:33:00,0.00043262,0.0004326099999999,0.0004326099999999,0.0004326099999999,2.2749737169698742e+19
2023-12-29 19:35:00,0.0004326099999999,0.0004326099999999,0.0004326099999999,0.0004326099999999,2.1565705084581427e+17
2023-12-29 19:40:00,0.0004326,0.0004326,0.0004326,0.0004326,1.569960096450892e+18
2023-12-29 19:41:00,0.0004325799999999,0.0004325799999999,0.0004325799999999,0.0004325799999999,3.45972542619988e+18
2023-12-29 20:02:00,0.0004325799999999,0.0004325799999999,0.0004325799999999,0.0004325799999999,4.725783836744781e+17
2023-12-29 20:09:00,0.0004325799999999,0.0004325799999999,0.0004325799999999,0.0004325799999999,5.567352187899646e+17
2023-12-29 20:23:00,0.0004325799999999,0.0004325799999999,0.0004325799999999,0.0004325799999999,1.611916580204228e+17
2023-12-29 20:27:00,0.00043274,0.00043274,0.00043274,0.00043274,2.188957840305273e+19
2023-12-29 20:33:00,0.00043274,0.00043274,0.00043274,0.00043277,4.279556035212244e+18
2023-12-29 20:34:00,0.0004327799999999,0.0004327799999999,0.0004327799999999,0.0004327799999999,3.3303431916160508e+19
2023-12-29 20:35:00,0.0004327799999999,0.0004327799999999,0.0004327799999999,0.0004327799999999,3.236084683309454e+17
2023-12-29 20:36:00,0.0004327799999999,0.0004327799999999,0.0004327799999999,0.0004330699999999,4.174321836143687e+19
2023-12-29 20:37:00,0.00043309,0.00043309,0.00043309,0.00043309,1.8000000041438062e+18
2023-12-29 20:38:00,0.00043314,0.00043314,0.00043314,0.00043314,7.500000017264534e+18
2023-12-29 20:39:00,0.00043329,0.00043329,0.00043329,0.00043329,2.1001701578712228e+19
2023-12-29 20:41:00,0.00043329,0.00043329,0.00043329,0.00043329,1.1000000025310944e+17
2023-12-29 20:43:00,0.00043359,0.00043359,0.00043359,0.00043359,4.180308748672732e+19
2023-12-29 21:25:00,0.0004339499999999,0.0004339499999999,0.0004339499999999,0.0004339499999999,5.012433188082681e+19
2023-12-29 21:26:00,0.00043414,0.00043414,0.00043414,0.00043414,2.696334372069148e+19
2023-12-29 21:31:00,0.0004343,0.0004343,0.0004343,0.0004343,2.1458791586646184e+19
2023-12-29 21:48:00,0.00043449,0.00043449,0.00043449,0.0004347,5.592729128860982e+19
2023-12-29 21:50:00,0.00043486,0.00043486,0.00043486,0.00043486,2.240614104805196e+19
2023-12-29 21:51:00,0.00043526,0.00043526,0.00043526,0.00043526,5.525490847031456e+19
2023-12-29 21:52:00,0.00043527,0.00043527,0.00043527,0.00043527,1.4000000032068078e+18
2023-12-29 21:54:00,0.00043665,0.00043665,0.00043665,0.00043665,1.919500306545961e+20
2023-12-29 21:55:00,0.00043698,0.00043698,0.00043698,0.00043699,4.723431292560432e+19
2023-12-29 22:06:00,0.0004371199999999,0.0004371199999999,0.0004371199999999,0.0004371199999999,1.7744954318876969e+19
2023-12-29 22:08:00,0.00043741,0.0004374,0.0004374,0.0004374,3.969270711246816e+19
2023-12-29 22:09:00,0.0004374,0.0004374,0.0004374,0.0004374,1.8000000041028364e+16
2023-12-29 22:10:00,0.00043741,0.00043741,0.00043741,0.00043741,9.720811353136915e+16
2023-12-29 22:11:00,0.00043762,0.00043762,0.00043762,0.0004376899999999,3.945024173829792e+19
2023-12-29 22:12:00,0.00043806,0.00043806,0.00043806,0.00043807,5.164304516972237e+19
2023-12-29 22:17:00,0.00043839,0.00043839,0.00043839,0.00043839,4.525511815188212e+19
2023-12-29 22:19:00,0.00043839,0.00043839,0.00043839,0.00043875,5.070788106203972e+19
2023-12-29 22:20:00,0.00043891,0.00043891,0.00043891,0.0004406599999999,2.6228211704378245e+20
2023-12-29 22:27:00,0.0004405499999999,0.00044032,0.00044032,0.00044032,4.689482569847939e+19
2023-12-29 22:28:00,0.00044008,0.00043994,0.00043994,0.00043994,5.106278914205304e+19
2023-12-29 22:29:00,0.0004397099999999,0.0004397099999999,0.0004397099999999,0.0004397099999999,3.2705259915105104e+19
2023-12-29 22:36:00,0.00043956,0.00043956,0.00043956,0.00043956,2.0650689201013342e+19
2023-12-29 22:37:00,0.00043956,0.0004394899999999,0.0004394899999999,0.0004394899999999,9.01993752531314e+18
2023-12-29 22:38:00,0.00043927,0.00043927,0.00043927,0.00043927,3.071561491806792e+19
2023-12-29 22:45:00,0.000439,0.000439,0.000439,0.000439,3.715785181241535e+19
2023-12-29 22:48:00,0.00043899,0.00043899,0.00043899,0.00043899,5.470970117257971e+17
2023-12-29 22:59:00,0.00043899,0.00043899,0.00043899,0.00043899,5.9104690201303e+17
2023-12-29 23:03:00,0.0004388,0.00043879,0.00043879,0.00043879,2.655532531053706e+19
2023-12-29 23:04:00,0.00043879,0.00043879,0.00043879,0.00043879,9.629723058331388e+17
2023-12-29 23:05:00,0.00043879,0.00043879,0.00043879,0.00043879,2.950403780308565e+17
2023-12-29 23:09:00,0.00043878,0.00043878,0.00043878,0.00043878,2.1818742262391744e+17
2023-12-29 23:10:00,0.0004385699999999,0.00043856,0.00043856,0.00043856,3.0620050868275524e+19
2023-12-29 23:11:00,0.00043843,0.00043843,0.00043843,0.00043843,1.7743399014827135e+19
2023-12-29 23:13:00,0.0004382999999999,0.0004382999999999,0.0004382999999999,0.0004382999999999,1.8608727190961766e+19
2023-12-29 23:16:00,0.0004379199999999,0.0004379199999999,0.0004379199999999,0.0004379199999999,5.23320160787528e+19
2023-12-29 23:18:00,0.00043775,0.00043762,0.00043762,0.00043762,4.021295532417162e+19
2023-12-29 23:20:00,0.00043762,0.00043762,0.00043762,0.00043762,6.718493863213714e+17
2023-12-29 23:21:00,0.00043737,0.00043721,0.00043721,0.00043721,5.581715242847892e+19
2023-12-29 23:24:00,0.00043706,0.00043706,0.00043706,0.00043706,2.1510555524955685e+19
2023-12-29 23:32:00,0.0004369099999999,0.00043682,0.00043682,0.00043682,3.1789996654672744e+19
2023-12-29 23:39:00,0.00043682,0.00043682,0.00043682,0.00043682,6.148839531086586e+16
2023-12-29 23:41:00,0.00043667,0.0004366599999999,0.0004366599999999,0.0004366599999999,2.2193844845250245e+19
2023-12-29 23:43:00,0.0004366599999999,0.0004366599999999,0.0004366599999999,0.0004366599999999,4.353520657284655e+17
2023-12-29 23:45:00,0.00043646,0.00043646,0.00043646,0.00043646,2.7101293149369524e+19
2023-12-29 23:54:00,0.0004362,0.0004362,0.0004362,0.0004362,3.712977358750212e+19
2023-12-29 23:58:00,0.00043619,0.00043619,0.00043619,0.00043619,9.227653245686698e+17
2023-12-29 23:59:00,0.00043616,0.00043616,0.00043616,0.00043616,4.348656494620862e+18
2023-12-30 00:00:00,0.0004361499999999,0.0004361499999999,0.0004361499999999,0.0004361499999999,6.956839281681715e+17
2023-12-30 00:01:00,0.0004361499999999,0.0004361499999999,0.0004361499999999,0.0004361499999999,9.566582157546717e+16
2023-12-30 00:13:00,0.0004361199999999,0.0004361199999999,0.0004361199999999,0.0004361199999999,4.348286473287492e+18
2023-12-30 00:14:00,0.00043609,0.00043609,0.00043609,0.00043609,4.347984977992356e+19
2023-12-30 00:15:00,0.0004360799999999,0.0004360799999999,0.0004360799999999,0.0004360799999999,1.3043379160144737e+18
2023-12-30 00:16:00,0.00043604,0.0004358999999999,0.0004358999999999,0.0004358999999999,2.51338089383133e+19
2023-12-30 00:17:00,0.0004358999999999,0.00043552,0.00043552,0.00043552,5.3310452982829466e+19
2023-12-30 00:22:00,0.0004354,0.0004354,0.0004354,0.0004354,1.6319130695855868e+19
2023-12-30 00:26:00,0.00043538,0.00043538,0.00043538,0.00043538,2.294030513717576e+18
2023-12-30 00:27:00,0.00043533,0.00043533,0.00043533,0.00043533,7.541572049807487e+18
2023-12-30 00:29:00,0.00043532,0.00043532,0.00043532,0.00043532,1.688117867049816e+18
2023-12-30 00:30:00,0.00043532,0.00043532,0.00043532,0.00043532,8.501733729826838e+16
2023-12-30 00:54:00,0.0004351899999999,0.0004351899999999,0.0004351899999999,0.0004351899999999,1.7713792013879515e+19
2023-12-30 00:55:00,0.00043506,0.00043506,0.00043506,0.00043506,1.732275802526166e+19
2023-12-30 01:23:00,0.00043494,0.00043494,0.00043494,0.00043494,1.7551061271452617e+19
2023-12-30 01:24:00,0.00043486,0.00043486,0.00043486,0.00043486,9.907015620059011e+18
2023-12-30 01:25:00,0.00043486,0.00043486,0.00043486,0.00043486,4.552361471152005e+17
2023-12-30 01:26:00,0.00043484,0.00043484,0.00043484,0.00043484,2.3828714532906634e+18
2023-12-30 01:27:00,0.00043483,0.00043483,0.00043483,0.00043483,1.5173690580737915e+18
2023-12-30 01:29:00,0.00043483,0.00043483,0.00043483,0.00043483,8.435057598554404e+17
2023-12-30 01:30:00,0.00043482,0.00043482,0.00043482,0.00043482,3.0726734208750515e+17
2023-12-30 01:31:00,0.0004347,0.00043467,0.00043467,0.00043467,2.2087777463004893e+19
2023-12-30 01:32:00,0.00043452,0.00043433,0.00043433,0.00043433,4.6404213644262736e+19
2023-12-30 01:54:00,0.00043433,0.00043433,0.00043433,0.00043433,4.330279467815273e+16
2023-12-30 02:05:00,0.0004343099999999,0.0004343099999999,0.0004343099999999,0.0004343099999999,3.24762094295248e+18
2023-12-30 02:19:00,0.00043428,0.00043428,0.00043428,0.00043428,3.2474459697278536e+18
2023-12-30 02:43:00,0.0004342899999999,0.0004342899999999,0.0004342899999999,0.0004342899999999,2.210627128078751e+17
2023-12-30 02:44:00,0.00043441,0.00043441,0.00043441,0.0004345899999999,4.277091278423205e+19
2023-12-30 02:45:00,0.00043472,0.00043472,0.00043472,0.00043475,2.206933979200239e+19
2023-12-30 02:50:00,0.0004349199999999,0.0004349199999999,0.0004349199999999,0.00043511,5.034719598726149e+19
2023-12-30 02:51:00,0.00043511,0.00043511,0.00043511,0.00043526,2.019296050563484e+19
2023-12-30 02:52:00,0.00043539,0.00043539,0.00043539,0.00043539,1.7828694320132831e+19
2023-12-30 03:16:00,0.00043538,0.00043538,0.00043538,0.00043538,4.340791494486904e+17
2023-12-30 03:27:00,0.00043554,0.00043554,0.00043554,0.00043554,2.1214336604707058e+19
2023-12-30 03:28:00,0.0004356299999999,0.0004356299999999,0.0004356299999999,0.0004356299999999,1.2689807892346057e+19
2023-12-30 03:29:00,0.00043582,0.00043582,0.00043582,0.00043582,2.676787063531236e+19
2023-12-30 03:35:00,0.00043586,0.00043586,0.00043586,0.00043586,5.35546091344231e+18
2023-12-30 03:41:00,0.00043585,0.00043585,0.00043585,0.00043585,1.0646410811540568e+18
2023-12-30 03:44:00,0.00043585,0.00043584,0.00043584,0.00043584,1.0863491003960822e+18
2023-12-30 04:05:00,0.0004356299999999,0.0004356299999999,0.0004356299999999,0.0004356299999999,3.0104324733870064e+19
2023-12-30 04:06:00,0.0004354799999999,0.0004354799999999,0.0004354799999999,0.0004354799999999,2.0509982186607907e+19
2023-12-30 04:07:00,0.00043532,0.00043532,0.00043532,0.00043532,2.2478755109396742e+19
2023-12-30 04:10:00,0.0004350299999999,0.0004350299999999,0.0004350299999999,0.0004350299999999,4.011892297377087e+19
2023-12-30 04:23:00,0.0004350299999999,0.0004350299999999,0.0004350299999999,0.0004350299999999,3.929340861114031e+17
2023-12-30 04:41:00,0.0004350299999999,0.0004350299999999,0.0004350299999999,0.0004350299999999,8.67447768425143e+16
2023-12-30 04:42:00,0.00043501,0.00043501,0.00043501,0.00043501,2.193532756504544e+18
2023-12-30 04:43:00,0.00043501,0.00043501,0.00043501,0.00043501,1.301122001145684e+17
2023-12-30 04:44:00,0.00043501,0.00043501,0.00043501,0.00043501,7.645513441690591e+17
2023-12-30 04:45:00,0.00043501,0.00043498,0.00043498,0.00043498,4.0005823670853233e+18
2023-12-30 05:17:00,0.0004348099999999,0.0004348099999999,0.0004348099999999,0.0004348099999999,2.389807948217132e+19
2023-12-30 05:18:00,0.00043468,0.00043468,0.00043468,0.00043468,1.7427514186122322e+19
2023-12-30 05:59:00,0.00043467,0.00043467,0.00043467,0.00043467,7.042311603611046e+17
2023-12-30 06:00:00,0.0004345399999999,0.0004345399999999,0.0004345399999999,0.0004345399999999,1.8804669593481613e+19
2023-12-30 06:01:00,0.0004345399999999,0.0004345399999999,0.0004345399999999,0.0004345399999999,2.587622574517382e+17
2023-12-30 06:03:00,0.0004345299999999,0.0004345299999999,0.0004345299999999,0.0004345299999999,1.0895709069027722e+18
2023-12-30 06:15:00,0.00043455,0.00043455,0.00043455,0.00043455,3.569106116702978e+18
2023-12-30 06:53:00,0.00043456,0.00043456,0.00043456,0.00043456,2.0019121502258176e+18
2023-12-30 06:56:00,0.00043456,0.00043456,0.00043456,0.00043456,7455465227279.0
2023-12-30 07:34:00,0.00043458,0.00043458,0.00043458,0.00043458,3.2459448620300846e+18
2023-12-30 07:51:00,0.00043458,0.00043458,0.00043458,0.00043458,637888060782889.0
2023-12-30 08:01:00,0.0004345899999999,0.0004345899999999,0.0004345899999999,0.0004345899999999,9.000000020647391e+17
2023-12-30 08:02:00,0.0004345899999999,0.0004345899999999,0.0004345899999999,0.0004345899999999,3.151311550710588e+17
2023-12-30 08:03:00,0.0004345899999999,0.0004345899999999,0.0004345899999999,0.0004345899999999,1.6322961149191037e+17
2023-12-30 08:04:00,0.0004345899999999,0.0004345899999999,0.0004345899999999,0.0004348,2.9170081359426257e+19
2023-12-30 08:05:00,0.00043505,0.00043505,0.00043505,0.0004354,8.351478996611863e+19
2023-12-30 08:06:00,0.0004354,0.0004354,0.0004354,0.00043598,8.063103231426925e+19
2023-12-30 08:19:00,0.00043598,0.00043598,0.00043598,0.00043598,5.000000011434013e+16
2023-12-30 08:20:00,0.00043598,0.00043598,0.00043598,0.00043598,1.0000000022867997e+17
2023-12-30 08:21:00,0.00043611,0.00043611,0.00043611,0.0004363,4.394778671908192e+19
2023-12-30 08:22:00,0.0004363199999999,0.0004363199999999,0.0004363199999999,0.0004363199999999,2.9880000068278287e+18
2023-12-30 08:24:00,0.00043652,0.00043652,0.00043652,0.00043652,2.750652941099868e+19
2023-12-30 08:25:00,0.00043652,0.00043652,0.00043652,0.00043652,1.000000002283988e+17
2023-12-30 08:26:00,0.00043655,0.00043655,0.00043655,0.0004365899999999,9.524311236862351e+18
2023-12-30 08:27:00,0.00043669,0.00043669,0.00043669,0.00043669,1.4519585522573875e+19
2023-12-30 08:28:00,0.00043697,0.00043697,0.00043697,0.00043697,3.839197533408713e+19
2023-12-30 08:38:00,0.00043715,0.00043715,0.00043715,0.00043715,2.545097240447866e+19
2023-12-30 08:39:00,0.0004374799999999,0.0004374799999999,0.0004374799999999,0.0004374799999999,4.564095458170398e+19
2023-12-30 08:43:00,0.00043771,0.00043771,0.00043771,0.00043771,3.111724459898696e+19
2023-12-30 08:49:00,0.00043787,0.00043787,0.00043787,0.00043848,1.0611695125533934e+20
2023-12-30 08:51:00,0.0004386399999999,0.0004386399999998,0.0004386399999999,0.0004388899999999,5.591317178832098e+19
2023-12-30 08:52:00,0.00043907,0.00043907,0.00043907,0.00043907,2.5879239182411817e+19
2023-12-30 08:53:00,0.0004390899999999,0.0004390899999999,0.0004390899999999,0.0004390899999999,2.0000000045413064e+18
2023-12-30 09:43:00,0.00043911,0.00043911,0.00043911,0.00043911,3.067132033447835e+18
2023-12-30 09:44:00,0.00043919,0.00043919,0.00043919,0.00043946,4.800076490756016e+19
2023-12-30 09:45:00,0.00043947,0.00043947,0.00043947,0.00043947,1.8795791420764224e+18
2023-12-30 10:30:00,0.00043933,0.0004391,0.0004391,0.0004391,5.088227475055594e+19
2023-12-30 10:36:00,0.0004391,0.0004391,0.0004391,0.0004391,437784520367347.0
2023-12-30 10:39:00,0.00043893,0.00043893,0.00043893,0.00043893,2.371671246941296e+19
2023-12-30 10:40:00,0.00043893,0.00043893,0.00043893,0.00043893,2.625667652421843e+17
2023-12-30 10:42:00,0.00043892,0.00043892,0.00043892,0.00043892,8.752142862424586e+17
2023-12-30 10:43:00,0.00043868,0.00043868,0.00043868,0.00043868,3.263878073405089e+19
2023-12-30 10:45:00,0.0004385699999999,0.00043841,0.00043841,0.00043841,3.797222167367397e+19
2023-12-30 10:46:00,0.00043841,0.00043841,0.00043841,0.00043841,9.009094984263968e+16
2023-12-30 10:47:00,0.0004382299999999,0.00043822,0.00043822,0.00043822,2.538635688569755e+19
2023-12-30 11:03:00,0.0004380299999999,0.0004380299999999,0.0004380299999999,0.0004380299999999,2.581734212362384e+19
2023-12-30 11:09:00,0.0004379099999999,0.0004379099999998,0.0004379099999999,0.0004379099999999,1.7373611661761522e+19
2023-12-30 11:12:00,0.00043775,0.00043775,0.00043775,0.00043775,2.1783362025955e+19
2023-12-30 11:13:00,0.0004376,0.0004376,0.0004376,0.0004376,1.9857917247791747e+19
2023-12-30 12:11:00,0.0004374599999999,0.0004373,0.0004373,0.0004373,4.192277841438929e+19
2023-12-30 12:12:00,0.00043707,0.00043707,0.00043707,0.00043707,3.091960899437629e+19
2023-12-30 12:15:00,0.00043707,0.00043707,0.00043707,0.00043707,1.0894056452277955e+17
2023-12-30 12:16:00,0.00043707,0.00043688,0.00043688,0.00043688,2.613967564832015e+19
2023-12-30 12:17:00,0.00043688,0.00043677,0.00043677,0.00043677,1.5881598672640637e+19
2023-12-30 12:19:00,0.00043677,0.00043677,0.00043677,0.00043677,3.078218404253192e+17
2023-12-30 12:20:00,0.00043676,0.00043676,0.00043676,0.00043676,4.354537774253666e+17
2023-12-30 12:30:00,0.00043664,0.00043664,0.00043664,0.00043664,1.7215512439113165e+19
2023-12-30 12:33:00,0.00043663,0.0004366199999999,0.0004366199999999,0.0004366199999999,2.102099819524668e+18
2023-12-30 13:16:00,0.00043677,0.00043677,0.00043677,0.00043677,2.035006983016745e+19
2023-12-30 13:58:00,0.00043677,0.00043677,0.00043677,0.00043677,1.3005508088254989e+17
2023-12-30 14:02:00,0.00043676,0.00043676,0.00043676,0.00043676,1.7418154680269847e+18
2023-12-30 14:04:00,0.00043643,0.00043643,0.00043643,0.00043643,4.52352955965926e+19
2023-12-30 14:05:00,0.0004362099999999,0.00043583,0.00043583,0.00043583,8.361316596656688e+19
2023-12-30 14:40:00,0.00043582,0.00043582,0.00043582,0.00043582,7.169534997393303e+17
2023-12-30 15:00:00,0.00043582,0.00043582,0.00043582,0.00043582,4345146772055153.5
2023-12-30 15:01:00,0.00043582,0.0004358,0.0004358,0.0004358,3.430206141874765e+18
2023-12-30 15:02:00,0.0004358,0.0004358,0.0004358,0.0004358,2.17244597623655e+17
2023-12-30 15:03:00,0.0004357899999999,0.0004357899999999,0.0004357899999999,0.0004357899999999,4.694921900474656e+17
2023-12-30 15:05:00,0.0004357899999999,0.0004357899999999,0.0004357899999999,0.0004357899999999,1.5000000034316755e+17
2023-12-30 15:06:00,0.0004353699999999,0.0004353699999999,0.0004353699999999,0.0004353699999999,5.88612198435453e+19
2023-12-30 15:07:00,0.00043526,0.00043526,0.00043526,0.00043526,1.5390069342255817e+19
2023-12-30 15:41:00,0.00043524,0.00043524,0.00043524,0.00043524,2.603655548580974e+18
2023-12-30 15:44:00,0.00043504,0.00043504,0.00043504,0.00043504,2.7320622634579e+19
2023-12-30 15:46:00,0.00043484,0.0004347,0.0004347,0.0004347,4.762056005536789e+19
2023-12-30 15:50:00,0.0004346399999999,0.00043436,0.00043436,0.00043436,4.660574555349441e+19
2023-12-30 15:52:00,0.00043392,0.0004337,0.0004337,0.0004337,9.191121889584203e+19
2023-12-30 15:53:00,0.00043348,0.00043324,0.00043324,0.00043324,6.394574920964175e+19
2023-12-30 16:03:00,0.00043289,0.00043267,0.00043267,0.00043267,7.968815597409862e+19
2023-12-30 16:05:00,0.00043266,0.00043266,0.00043266,0.00043266,1.2229202849841288e+18
2023-12-30 16:14:00,0.00043235,0.00043235,0.00043235,0.00043235,4.349475754961032e+19
2023-12-30 16:17:00,0.00043199,0.00043199,0.00043199,0.00043199,4.965175695690842e+19
2023-12-30 16:20:00,0.00043197,0.00043197,0.00043197,0.00043197,2.965715408629708e+18
2023-12-30 16:23:00,0.00043186,0.00043184,0.00043184,0.00043184,1.8485546463582675e+19
